[
  {
      "ParentId": "013e71b2-d48b-48e3-8a45-381383d4c836",
      "Title": "پروتئینی باز3",
      "Id": "c85c4d26-a7b8-44af-80fd-251b3b2adb17"
  },
  {
      "ParentId": "a56a9915-9a72-4c9a-8ddb-3623d19dfdf5",
      "Title": "لبنیات3",
      "Id": "0b38b371-4197-44de-b876-8bf4836ac16f"
  },
  {
      "ParentId": "c00d284d-eb41-40c9-8a23-9a7d152aedc7",
      "Title": "نان، غلات3",
      "Id": "9f253230-84c3-43b8-b762-58388293d41e"
  },
  {
      "ParentId": "0f3c894e-1cbb-4390-9518-406a1624a5c9",
      "Title": "برنج ، حبوبات3",
      "Id": "6410911e-31d6-44e1-bbc0-9bc744dd2e7b"
  },
  {
      "ParentId": "e1523a66-244e-41c8-86da-c88b67fd6247",
      "Title": "چای، قند، شکر3",
      "Id": "4e3d4d43-f2cc-41cb-b16a-2449ec6946f5"
  },
  {
      "ParentId": "9029fffe-233a-47d3-b195-48dfe4e726ec",
      "Title": "خشکبار و تنقلات3",
      "Id": "a7a1689e-3fe0-4c16-a3df-0745f9f3560f"
  },
  {
      "ParentId": "138733d8-5c10-4cff-9ac0-094aea4f6d1a",
      "Title": "ترشیجات3",
      "Id": "08bec1fa-520c-4c43-820d-abe9ae2b1afd"
  },
  {
      "ParentId": "bbf3863d-dc19-41e0-b0c6-6fb3cdf79849",
      "Title": "لوازم التحریر3",
      "Id": "93f6bf3d-4242-48b8-a4d4-c15e74de0b1d"
  },
  {
      "ParentId": "77e9c1d1-b8e0-4bf0-91c9-3fbd661712db",
      "Title": "لوازم مصرفی باز3",
      "Id": "34a89ee0-8f27-49d4-bad1-5098c0436dc3"
  },
  {
      "ParentId": "2f978275-0076-45c4-96ac-50e07f424991",
      "Title": "دخانیات و زغال3",
      "Id": "6d56d931-4ca5-4b14-8fdf-e4721d86d022"
  },
  {
      "ParentId": "94b427a6-2f2c-43d4-8a68-0a995165cce2",
      "Title": "روغن ذرت",
      "Id": "76e6dc0e-2f91-419c-a7dc-294d4f7245c9"
  },
  {
      "ParentId": "94b427a6-2f2c-43d4-8a68-0a995165cce2",
      "Title": "روغن جامد",
      "Id": "846983d7-c973-4c84-9143-672cc12cecd8"
  },
  {
      "ParentId": "94b427a6-2f2c-43d4-8a68-0a995165cce2",
      "Title": "روغن سرخ کردنی",
      "Id": "cedb8eca-f3f6-40f1-a766-966a3a13f8c2"
  },
  {
      "ParentId": "94b427a6-2f2c-43d4-8a68-0a995165cce2",
      "Title": "روغن آفتابگردان",
      "Id": "5dc1d9f6-eda7-436b-aa71-9d12bd2b57e4"
  },
  {
      "ParentId": "94b427a6-2f2c-43d4-8a68-0a995165cce2",
      "Title": "سایر روغن ها",
      "Id": "e455ebf4-3a48-4ee7-b045-75ad8a7210d1"
  },
  {
      "ParentId": "335c7bfc-1db6-45d7-9746-8d5ff845cb59",
      "Title": "نودل",
      "Id": "bbdf3a18-0371-42d1-9c29-d1df89bf0198"
  },
  {
      "ParentId": "335c7bfc-1db6-45d7-9746-8d5ff845cb59",
      "Title": "ماکارونی رشته ای",
      "Id": "e22d4167-31c6-4f77-8748-e09e09d37ced"
  },
  {
      "ParentId": "335c7bfc-1db6-45d7-9746-8d5ff845cb59",
      "Title": "رشته",
      "Id": "98e65fed-acca-4e82-8bff-4bffdc3261f8"
  },
  {
      "ParentId": "335c7bfc-1db6-45d7-9746-8d5ff845cb59",
      "Title": "ماکارونی فرمی",
      "Id": "fa066d9b-d167-4039-9420-1ac29b65141d"
  },
  {
      "ParentId": "335c7bfc-1db6-45d7-9746-8d5ff845cb59",
      "Title": "سایر ماکارونی",
      "Id": "72a4bdbe-ed46-440d-8a40-693d1a224150"
  },
  {
      "ParentId": "335c7bfc-1db6-45d7-9746-8d5ff845cb59",
      "Title": "پاستا و لازانیا",
      "Id": "2a32c55c-b0ae-489d-ac21-586f851bc9f9"
  },
  {
      "ParentId": "d0cf9ec9-efcc-4746-8ec8-4d1d7e6aa6a6",
      "Title": "لپه و عدس",
      "Id": "68265909-cb7d-42fa-903b-0a6613a9fc75"
  },
  {
      "ParentId": "d0cf9ec9-efcc-4746-8ec8-4d1d7e6aa6a6",
      "Title": "برنج",
      "Id": "fdf9c2c8-9d7c-482e-a80d-cb941d134128"
  },
  {
      "ParentId": "d0cf9ec9-efcc-4746-8ec8-4d1d7e6aa6a6",
      "Title": "نخود و لوبیا",
      "Id": "6aa496b5-6393-4bf7-b165-9106b476815a"
  },
  {
      "ParentId": "d0cf9ec9-efcc-4746-8ec8-4d1d7e6aa6a6",
      "Title": "سایر حبوبات",
      "Id": "21f5aa7c-f4c6-4d42-b7a4-d2fef57ededc"
  },
  {
      "ParentId": "7d13befe-27fb-48d5-bffe-cc61beb14344",
      "Title": "قند",
      "Id": "87466a89-df89-4c7f-94c5-e8170ee3e0e3"
  },
  {
      "ParentId": "7d13befe-27fb-48d5-bffe-cc61beb14344",
      "Title": "شکر",
      "Id": "8d44e250-baa2-4e19-91f2-2aec82b074de"
  },
  {
      "ParentId": "7d13befe-27fb-48d5-bffe-cc61beb14344",
      "Title": "نبات",
      "Id": "68439905-4074-47d8-a3b2-5a89eac74ca8"
  },
  {
      "ParentId": "7d13befe-27fb-48d5-bffe-cc61beb14344",
      "Title": "خرما",
      "Id": "37f032ee-1991-4ce0-b8cf-a064ec200cd6"
  },
  {
      "ParentId": "ae71ff04-9ec0-4f41-ab29-c684aa8d3cae",
      "Title": "آرد و خمیر",
      "Id": "26802e00-2f68-42dd-879a-68c6f02fbda3"
  },
  {
      "ParentId": "ae71ff04-9ec0-4f41-ab29-c684aa8d3cae",
      "Title": "انواع گندم",
      "Id": "306b69c1-1e7f-4003-987b-16836abdaf61"
  },
  {
      "ParentId": "ae71ff04-9ec0-4f41-ab29-c684aa8d3cae",
      "Title": "انواع جو",
      "Id": "5434be0f-4670-454c-b7e8-51b2c891a706"
  },
  {
      "ParentId": "ae71ff04-9ec0-4f41-ab29-c684aa8d3cae",
      "Title": "نان",
      "Id": "af29a33d-baf7-4a7c-a282-b491ed81f3da"
  },
  {
      "ParentId": "a7f78675-422d-4b39-83f0-bc03adcd7417",
      "Title": "کره بادام زمینی",
      "Id": "1eb6fe67-0a91-4391-a634-6a52bb442ad3"
  },
  {
      "ParentId": "a7f78675-422d-4b39-83f0-bc03adcd7417",
      "Title": "غلات صبحانه",
      "Id": "0813a6ee-42b4-4b8f-a575-f5456e2653c3"
  },
  {
      "ParentId": "a7f78675-422d-4b39-83f0-bc03adcd7417",
      "Title": "مربا و عسل",
      "Id": "addb9db7-355f-4615-a1e2-a600b0ab3f61"
  },
  {
      "ParentId": "a7f78675-422d-4b39-83f0-bc03adcd7417",
      "Title": "حلوا شکری و ارده",
      "Id": "af1074e6-422b-41a5-af41-ec3686f4488b"
  },
  {
      "ParentId": "a7f78675-422d-4b39-83f0-bc03adcd7417",
      "Title": "شکلات صبحانه",
      "Id": "8cab8a3f-18c8-4071-8e82-26c11e90fb06"
  },
  {
      "ParentId": "3d3e63ce-a765-4ac0-a0e2-50813b301392",
      "Title": "شیر کم چرب",
      "Id": "481c00f4-3a94-4fd3-a77b-48450c5f3c34"
  },
  {
      "ParentId": "3d3e63ce-a765-4ac0-a0e2-50813b301392",
      "Title": "شیر طعم دار",
      "Id": "3cfc4575-c5cf-4491-8a22-a3ff0dd2f636"
  },
  {
      "ParentId": "3d3e63ce-a765-4ac0-a0e2-50813b301392",
      "Title": "دنت نوشیدنی",
      "Id": "d87f8c6f-078b-48e2-bc3d-235847d9ce01"
  },
  {
      "ParentId": "3d3e63ce-a765-4ac0-a0e2-50813b301392",
      "Title": "شیر پر چرب",
      "Id": "2acda7c0-da50-40f9-8acd-03e34dd2ac5a"
  },
  {
      "ParentId": "b5805932-b66e-4459-8100-dad5ac9ee5bf",
      "Title": "پنیر خامه ای",
      "Id": "ea2936a0-8856-44bf-bef4-887cc385d20f"
  },
  {
      "ParentId": "b5805932-b66e-4459-8100-dad5ac9ee5bf",
      "Title": "پنیر سفید",
      "Id": "c4c569a8-aa64-4fef-af36-7f63589970db"
  },
  {
      "ParentId": "b5805932-b66e-4459-8100-dad5ac9ee5bf",
      "Title": "سایر پنیر",
      "Id": "4361a2d4-656e-4abe-be97-a825e6d99bdc"
  },
  {
      "ParentId": "b5805932-b66e-4459-8100-dad5ac9ee5bf",
      "Title": "پنیر پیتزا",
      "Id": "76b4798b-36e8-4768-898a-6c870e1cf589"
  },
  {
      "ParentId": "c1dffaa8-f5e0-489e-9f71-4c12f037728d",
      "Title": "ماست پر چرب",
      "Id": "6f75843e-efea-4934-8fa1-6c1068038ca1"
  },
  {
      "ParentId": "c1dffaa8-f5e0-489e-9f71-4c12f037728d",
      "Title": "ماست پر چرب",
      "Id": "543abb48-6ccc-40c7-9343-e6c410b0e3d4"
  },
  {
      "ParentId": "c1dffaa8-f5e0-489e-9f71-4c12f037728d",
      "Title": "ماست کم چرب",
      "Id": "dab6ce08-7906-4503-85b0-67e291660295"
  },
  {
      "ParentId": "c1dffaa8-f5e0-489e-9f71-4c12f037728d",
      "Title": "ماست پروبیوتیک",
      "Id": "1493e535-2038-4ecf-a78e-6459241a3921"
  },
  {
      "ParentId": "c1dffaa8-f5e0-489e-9f71-4c12f037728d",
      "Title": "ماست موسیر",
      "Id": "1693c1e4-f652-4138-8af4-f6afc7dba229"
  },
  {
      "ParentId": "e4e815f9-c607-483a-8f05-6f3716b69d77",
      "Title": "دومینو",
      "Id": "c977ff6a-3884-4b53-b7bc-a0585694115d"
  },
  {
      "ParentId": "e4e815f9-c607-483a-8f05-6f3716b69d77",
      "Title": "کاله",
      "Id": "f98a276c-e795-421e-b0de-22678d995ae3"
  },
  {
      "ParentId": "e4e815f9-c607-483a-8f05-6f3716b69d77",
      "Title": "میهن",
      "Id": "b3d36a75-d42c-4306-8e6e-5f80eb53c47c"
  },
  {
      "ParentId": "e4e815f9-c607-483a-8f05-6f3716b69d77",
      "Title": "سایر بستنی",
      "Id": "fe117a5e-6627-421b-8376-b9eb431b7150"
  },
  {
      "ParentId": "51a500c2-e4c8-46e5-95a7-c9ed8de513c2",
      "Title": "خامه ساده",
      "Id": "5c6815a8-f031-46e8-afc6-e96f89254aad"
  },
  {
      "ParentId": "51a500c2-e4c8-46e5-95a7-c9ed8de513c2",
      "Title": "خامه عسل",
      "Id": "d4b4ec69-a017-4f36-b427-f1ce55eeb642"
  },
  {
      "ParentId": "51a500c2-e4c8-46e5-95a7-c9ed8de513c2",
      "Title": "خامه شکلاتی",
      "Id": "474154b0-317b-4e92-83a3-b20b3a93e320"
  },
  {
      "ParentId": "2ef7caf7-1dd9-415b-8926-36119f463da7",
      "Title": "کره پاستوریزه",
      "Id": "c468ede0-1499-4194-9c30-07e0f8564526"
  },
  {
      "ParentId": "2ef7caf7-1dd9-415b-8926-36119f463da7",
      "Title": "کره گیاهی",
      "Id": "f19e3d1b-7830-4bd3-bf10-45d810e31b11"
  },
  {
      "ParentId": "2ef7caf7-1dd9-415b-8926-36119f463da7",
      "Title": "کره حیوانی",
      "Id": "8fb3a418-ba7d-4cc8-b56d-3972e2a479ae"
  },
  {
      "ParentId": "48210440-0d9d-4aca-ab85-96a193c7d0af",
      "Title": "کشک شیشه ای",
      "Id": "424a4107-5f5f-4a70-9c46-93ff8e8eb8c3"
  },
  {
      "ParentId": "48210440-0d9d-4aca-ab85-96a193c7d0af",
      "Title": "کشک کیسه ای",
      "Id": "ac231ada-8d1b-4133-94fe-7802a5e31d61"
  },
  {
      "ParentId": "48210440-0d9d-4aca-ab85-96a193c7d0af",
      "Title": "کشک لیوانی",
      "Id": "b179cddf-bb5a-4c2c-b073-dde75b566c55"
  },
  {
      "ParentId": "aff15eb0-c07a-47e6-ad0b-886c5cd3029d",
      "Title": "قارچ",
      "Id": "cc52a276-e2f7-401e-b838-8f3e9039c31a"
  },
  {
      "ParentId": "aff15eb0-c07a-47e6-ad0b-886c5cd3029d",
      "Title": "تخم مرغ",
      "Id": "85acbb13-638a-428e-a8e3-5f8bf1677600"
  },
  {
      "ParentId": "aff15eb0-c07a-47e6-ad0b-886c5cd3029d",
      "Title": "سایر پروتئین",
      "Id": "1759b95c-0520-492b-8700-112ca6beb35d"
  },
  {
      "ParentId": "aff15eb0-c07a-47e6-ad0b-886c5cd3029d",
      "Title": "سوسیس و کالباس",
      "Id": "57334f45-1447-4070-b747-faab36e166bd"
  },
  {
      "ParentId": "aff15eb0-c07a-47e6-ad0b-886c5cd3029d",
      "Title": "سویا",
      "Id": "6d031b4e-7d4b-4472-87af-bab233e80576"
  },
  {
      "ParentId": "e4ca31fd-2ce7-49f9-a799-8f8ee22f8e0a",
      "Title": "تون ماهی",
      "Id": "2770ad66-c2b4-4395-9955-c641d2aa9452"
  },
  {
      "ParentId": "e4ca31fd-2ce7-49f9-a799-8f8ee22f8e0a",
      "Title": "خوراک بادمجان",
      "Id": "bf6599d7-6573-4672-813e-961428761c17"
  },
  {
      "ParentId": "e4ca31fd-2ce7-49f9-a799-8f8ee22f8e0a",
      "Title": "کنسرو سبزیجات",
      "Id": "4096ad5c-bb89-459e-a8a6-36dfb69cc543"
  },
  {
      "ParentId": "e4ca31fd-2ce7-49f9-a799-8f8ee22f8e0a",
      "Title": "مایه ماکارونی",
      "Id": "18e8ef18-73f2-4971-be4a-2fb13b590d37"
  },
  {
      "ParentId": "e4ca31fd-2ce7-49f9-a799-8f8ee22f8e0a",
      "Title": "سایر کنسرو",
      "Id": "49f93df3-b9bd-4e36-b53a-6f4bef0b65cc"
  },
  {
      "ParentId": "e4ca31fd-2ce7-49f9-a799-8f8ee22f8e0a",
      "Title": "خوراک لوبیا و عدس",
      "Id": "e61623be-74e3-45f9-934a-a49dfb7d458a"
  },
  {
      "ParentId": "db30ca06-4b05-4043-8097-cf4e32688bdb",
      "Title": "سبزیجات",
      "Id": "2f3667a2-59ca-4cd1-9500-5914b594968e"
  },
  {
      "ParentId": "db30ca06-4b05-4043-8097-cf4e32688bdb",
      "Title": "غذای منجمد",
      "Id": "46e98e4c-41a2-4ecc-bb79-ad845d122303"
  },
  {
      "ParentId": "db30ca06-4b05-4043-8097-cf4e32688bdb",
      "Title": "سالاد ماکارونی",
      "Id": "44f8e1b1-87df-4960-9944-4a6bb75cdeeb"
  },
  {
      "ParentId": "db30ca06-4b05-4043-8097-cf4e32688bdb",
      "Title": "ساندویج و کلاب",
      "Id": "72b8cb99-3f28-42cd-8c65-4b8d81dd9fde"
  },
  {
      "ParentId": "db30ca06-4b05-4043-8097-cf4e32688bdb",
      "Title": "غذای آماده",
      "Id": "f7afb33d-0bf3-4071-a0c1-318fc9b51f2b"
  },
  {
      "ParentId": "166ba75b-22f7-4a96-8109-0024d2673060",
      "Title": "کمپوت اناناس",
      "Id": "f3e7b5bf-792d-4b32-ba6a-c1460a718d22"
  },
  {
      "ParentId": "166ba75b-22f7-4a96-8109-0024d2673060",
      "Title": "سایر کمپوت",
      "Id": "b81d0709-adde-484d-ae11-0483f08c1b7a"
  },
  {
      "ParentId": "db0c2074-a91e-4765-8d76-68ab9b93fb5d",
      "Title": "ماء الشعیر",
      "Id": "c9fe274e-505e-4e34-a418-c59b772f618f"
  },
  {
      "ParentId": "db0c2074-a91e-4765-8d76-68ab9b93fb5d",
      "Title": "انرژی زا",
      "Id": "9ae76df3-f045-4b31-aef3-f7c19cf1e797"
  },
  {
      "ParentId": "db0c2074-a91e-4765-8d76-68ab9b93fb5d",
      "Title": "نوشابه",
      "Id": "24c5cc15-0fc3-45a8-b2bd-bc1a03acb11e"
  },
  {
      "ParentId": "db0c2074-a91e-4765-8d76-68ab9b93fb5d",
      "Title": "دوغ",
      "Id": "e377ccf5-5b05-4d9c-b81b-872fe2958889"
  },
  {
      "ParentId": "f9b335c6-90c6-4292-a293-42b6505e73e6",
      "Title": "آبمیوه",
      "Id": "fc564f21-50d5-46ac-bce2-634c86d4d319"
  },
  {
      "ParentId": "f9b335c6-90c6-4292-a293-42b6505e73e6",
      "Title": "شربت",
      "Id": "c56371a0-2a3a-4bbf-9bdc-e7e49c6435b1"
  },
  {
      "ParentId": "f9b335c6-90c6-4292-a293-42b6505e73e6",
      "Title": "آبمعدنی",
      "Id": "299a6e60-bac1-4580-8f84-686ccb365cde"
  },
  {
      "ParentId": "aebd64c2-47ad-4a36-b474-b8f4a2c75d53",
      "Title": "چای",
      "Id": "f7f202ea-5323-486c-a81b-d314fbef6d20"
  },
  {
      "ParentId": "aebd64c2-47ad-4a36-b474-b8f4a2c75d53",
      "Title": "قهوه و نسکافه",
      "Id": "7a992469-2eb6-41c1-9436-ecc17ef5177e"
  },
  {
      "ParentId": "aebd64c2-47ad-4a36-b474-b8f4a2c75d53",
      "Title": "دمنوش",
      "Id": "36997ba4-d5f0-43fd-a906-95b0ecb98802"
  },
  {
      "ParentId": "32b3b01f-5d6f-4315-b402-27091621c388",
      "Title": "سایر عرقیجات",
      "Id": "9d9d02e7-dda3-4729-8c02-fa1fe34d26d0"
  },
  {
      "ParentId": "32b3b01f-5d6f-4315-b402-27091621c388",
      "Title": "عرق نعنا",
      "Id": "55a5c8d3-349f-4a92-bcae-495ca07f5d25"
  },
  {
      "ParentId": "32b3b01f-5d6f-4315-b402-27091621c388",
      "Title": "گلاب",
      "Id": "2116e2ec-8b60-4de7-9bd5-901ac4270a2d"
  },
  {
      "ParentId": "de91db8a-c78e-4254-8bf9-90633153652a",
      "Title": "دستمال کاغذی",
      "Id": "764427e9-e4ae-41fd-b07e-95b8a96e4d14"
  },
  {
      "ParentId": "de91db8a-c78e-4254-8bf9-90633153652a",
      "Title": "دستمال رولی",
      "Id": "d869e8e7-531b-46e2-80ed-88a35ad47edf"
  },
  {
      "ParentId": "e0e0499b-2130-4f17-8c83-eb4598fc4504",
      "Title": "ماشین ظرفشوئی",
      "Id": "8d8ff5dc-d48e-4b3b-b072-da7b93ac652d"
  },
  {
      "ParentId": "e0e0499b-2130-4f17-8c83-eb4598fc4504",
      "Title": "نرم کننده",
      "Id": "3a625531-cb6d-49d2-94d3-c3d88b17b8e7"
  },
  {
      "ParentId": "e0e0499b-2130-4f17-8c83-eb4598fc4504",
      "Title": "مایع ظرفشوئی",
      "Id": "5be679ac-42ec-416a-a8b9-bb1954c85cff"
  },
  {
      "ParentId": "e0e0499b-2130-4f17-8c83-eb4598fc4504",
      "Title": "پودر و مایع لباسشوئی",
      "Id": "0f73b8cf-fd15-441c-8da9-242f300f2c55"
  },
  {
      "ParentId": "e0e0499b-2130-4f17-8c83-eb4598fc4504",
      "Title": "پودر دستی",
      "Id": "3421588c-803f-45dd-9ab9-5a87046a915e"
  },
  {
      "ParentId": "62f51c10-fde9-441f-abf5-5765d960e18e",
      "Title": "بهداشت کودک",
      "Id": "b5d381bc-96d2-4191-9956-aa0b7f6f6a7f"
  },
  {
      "ParentId": "62f51c10-fde9-441f-abf5-5765d960e18e",
      "Title": "آرایش و اصلاح",
      "Id": "fcbae184-6c2c-4a51-8476-50fa9ecefbc1"
  },
  {
      "ParentId": "62f51c10-fde9-441f-abf5-5765d960e18e",
      "Title": "بهداشت دهان و دندان",
      "Id": "4b480a55-23d0-43a8-bc99-e46c402d4514"
  },
  {
      "ParentId": "62f51c10-fde9-441f-abf5-5765d960e18e",
      "Title": "بهداشت بدن",
      "Id": "004c487a-6c08-4d54-91a6-ec43d7907ca3"
  },
  {
      "ParentId": "62f51c10-fde9-441f-abf5-5765d960e18e",
      "Title": "بهداشت مو",
      "Id": "85563048-152f-4cde-86b2-f8efb7077f7c"
  },
  {
      "ParentId": "62f51c10-fde9-441f-abf5-5765d960e18e",
      "Title": "بهداشت بانوان",
      "Id": "8bba2ff1-32bc-4f74-8dfe-e1eae2a966a1"
  },
  {
      "ParentId": "3eb709b0-ad39-4440-b984-9e335be1998b",
      "Title": "خوشبو کننده و بوگیر",
      "Id": "3486fc53-7dda-4694-9043-9b2adf9ad3bf"
  },
  {
      "ParentId": "3eb709b0-ad39-4440-b984-9e335be1998b",
      "Title": "سفید کننده و ضد عفونی کننده",
      "Id": "119afd6c-a77d-4769-953f-eed5532be7bd"
  },
  {
      "ParentId": "3eb709b0-ad39-4440-b984-9e335be1998b",
      "Title": "پاک کننده سطوح (شیشه،گاز و...)",
      "Id": "8fcef775-4694-481e-8283-909b5cf3bc88"
  },
  {
      "ParentId": "3eb709b0-ad39-4440-b984-9e335be1998b",
      "Title": "شامپو فرش",
      "Id": "a2514768-c98c-48ca-b576-c1bb6cc10670"
  },
  {
      "ParentId": "fc90e420-5e90-4d0c-8dfa-ad192a06baa5",
      "Title": "سس گوجه",
      "Id": "9ee88f14-ec8c-45bf-aade-7910a241ba7a"
  },
  {
      "ParentId": "fc90e420-5e90-4d0c-8dfa-ad192a06baa5",
      "Title": "رب",
      "Id": "4b931378-7b27-4588-a29b-0551391a09c1"
  },
  {
      "ParentId": "fc90e420-5e90-4d0c-8dfa-ad192a06baa5",
      "Title": "سایر سس",
      "Id": "5fad2f95-dc6e-4a3b-9294-09cc67aa9f98"
  },
  {
      "ParentId": "fc90e420-5e90-4d0c-8dfa-ad192a06baa5",
      "Title": "انواع سس سفید",
      "Id": "db466330-3bdc-49c8-845f-ecf14e3c192e"
  },
  {
      "ParentId": "ee9a5cec-9233-4aa3-bebc-6a27bfb5526c",
      "Title": "نمک",
      "Id": "2dcb05d0-577d-4378-808e-732e262abbb4"
  },
  {
      "ParentId": "ee9a5cec-9233-4aa3-bebc-6a27bfb5526c",
      "Title": "ادویه",
      "Id": "64512597-cd40-4112-be84-52ba032b35be"
  },
  {
      "ParentId": "ee9a5cec-9233-4aa3-bebc-6a27bfb5526c",
      "Title": "سایر چاشنی و سبزیجات",
      "Id": "638862e4-bb8b-4cb8-b17d-660514df3261"
  },
  {
      "ParentId": "5146757f-6422-40e0-9d74-77b862576b2c",
      "Title": "خیارشور و شور",
      "Id": "c577fb8c-7e1d-4df0-8a78-1a00d481b573"
  },
  {
      "ParentId": "5146757f-6422-40e0-9d74-77b862576b2c",
      "Title": "ترشی",
      "Id": "d58539c5-4306-46bb-ab8b-b17d489c83c1"
  },
  {
      "ParentId": "5146757f-6422-40e0-9d74-77b862576b2c",
      "Title": "انواع سالاد",
      "Id": "1f6bccdd-5002-473a-b23a-9a42b8074382"
  },
  {
      "ParentId": "5146757f-6422-40e0-9d74-77b862576b2c",
      "Title": "زیتون",
      "Id": "7ce4695b-2285-4267-ba19-bccbc0db5922"
  },
  {
      "ParentId": "6fb147bc-419a-4f3d-a937-962af7a03ad2",
      "Title": "زعفران",
      "Id": "1727f530-0161-42ae-a612-5e4ac365737f"
  },
  {
      "ParentId": "6fb147bc-419a-4f3d-a937-962af7a03ad2",
      "Title": "عصاره",
      "Id": "bf2a6615-ab90-4960-ad03-6810f1c1aa9d"
  },
  {
      "ParentId": "e5214ae9-98f9-4064-a5e9-f82940c77301",
      "Title": "سرکه بالزامیک",
      "Id": "a319bf05-c9f4-4134-9478-c309b8a1e024"
  },
  {
      "ParentId": "e5214ae9-98f9-4064-a5e9-f82940c77301",
      "Title": "آبغوره",
      "Id": "f0bb0397-3c86-4a94-84ef-a26f494dd80b"
  },
  {
      "ParentId": "e5214ae9-98f9-4064-a5e9-f82940c77301",
      "Title": "آبلیمو",
      "Id": "1ce1e5fa-e3ed-42a2-aa73-d1efef7c6c29"
  },
  {
      "ParentId": "e5214ae9-98f9-4064-a5e9-f82940c77301",
      "Title": "سرکه",
      "Id": "2fbba4e5-3afe-4280-92da-bba12c11f2ce"
  },
  {
      "ParentId": "e5214ae9-98f9-4064-a5e9-f82940c77301",
      "Title": "سایر چاشنی",
      "Id": "ceb4e17a-541a-40ef-b933-560f4440b6df"
  },
  {
      "ParentId": "45d58914-863a-444e-871e-d20b99f86337",
      "Title": "پاپ کورن",
      "Id": "1800a795-1639-425b-84ab-17a8f2caea6f"
  },
  {
      "ParentId": "45d58914-863a-444e-871e-d20b99f86337",
      "Title": "اسنک",
      "Id": "8e427473-085c-4d70-8cc1-3c2d7b7ec032"
  },
  {
      "ParentId": "45d58914-863a-444e-871e-d20b99f86337",
      "Title": "پفک",
      "Id": "33247f76-11ad-4646-bdf9-c90c8fe8a799"
  },
  {
      "ParentId": "45d58914-863a-444e-871e-d20b99f86337",
      "Title": "چیپس",
      "Id": "7cb188c1-76f3-45b5-b330-00169bce8619"
  },
  {
      "ParentId": "22b03c30-1477-4900-add4-2071ffdbdb61",
      "Title": "سایر تنقلات",
      "Id": "47fc1dfe-76e6-4f38-905e-1cfd350e5368"
  },
  {
      "ParentId": "22b03c30-1477-4900-add4-2071ffdbdb61",
      "Title": "کیک",
      "Id": "5fbfc6cb-5ab7-426d-bf5a-1479fec84de8"
  },
  {
      "ParentId": "22b03c30-1477-4900-add4-2071ffdbdb61",
      "Title": "ویفر",
      "Id": "81bdddb7-21e1-44ed-b1f5-d791bddde9aa"
  },
  {
      "ParentId": "22b03c30-1477-4900-add4-2071ffdbdb61",
      "Title": "کلوچه",
      "Id": "0726d4fb-d59b-42a6-8e8d-2c0153132669"
  },
  {
      "ParentId": "22b03c30-1477-4900-add4-2071ffdbdb61",
      "Title": "بیسکوئیت",
      "Id": "ebe2cb92-6fad-4c78-97cf-d81943857f2b"
  },
  {
      "ParentId": "08e3b5db-6ead-4727-9bcd-a3e6a7e7a4c0",
      "Title": "سایر تنقلات",
      "Id": "47fc1dfe-76e6-4f38-905e-1cfd350e5368"
  },
  {
      "ParentId": "08e3b5db-6ead-4727-9bcd-a3e6a7e7a4c0",
      "Title": "پاستیل",
      "Id": "8a6335ad-5447-41fb-8221-e7cb6a5ec635"
  },
  {
      "ParentId": "08e3b5db-6ead-4727-9bcd-a3e6a7e7a4c0",
      "Title": "لواشک و آلوچه",
      "Id": "fa7907ed-6bd8-47e5-a36d-a199916faeb2"
  },
  {
      "ParentId": "08e3b5db-6ead-4727-9bcd-a3e6a7e7a4c0",
      "Title": "آدامس",
      "Id": "90a5a1b3-0fda-4c35-941a-e8f2d7e1b71b"
  },
  {
      "ParentId": "08e3b5db-6ead-4727-9bcd-a3e6a7e7a4c0",
      "Title": "اسمارتیز",
      "Id": "301f80b2-e2db-48f2-8aa2-17d467513973"
  },
  {
      "ParentId": "08e3b5db-6ead-4727-9bcd-a3e6a7e7a4c0",
      "Title": "تافی و شکلات",
      "Id": "53ebceb0-2401-4ced-bf78-9ffe90182845"
  },
  {
      "ParentId": "277a62e1-49a7-43cc-b309-6c1e4e644a76",
      "Title": "دنت",
      "Id": "de32d1ad-2551-4492-a224-afbcd83ab99a"
  },
  {
      "ParentId": "277a62e1-49a7-43cc-b309-6c1e4e644a76",
      "Title": "پودر ژله و دسر",
      "Id": "b7a79295-e4a1-4493-8e7e-85d7c892b209"
  },
  {
      "ParentId": "277a62e1-49a7-43cc-b309-6c1e4e644a76",
      "Title": "پودر و مواد کیک",
      "Id": "5c5f3a39-6530-48b9-affc-d70b91116844"
  },
  {
      "ParentId": "277a62e1-49a7-43cc-b309-6c1e4e644a76",
      "Title": "ژله آماده",
      "Id": "b84d2e58-9538-4b57-b4b8-4c68bf8e2eff"
  },
  {
      "ParentId": "37afe50e-d967-4bd7-bb26-5129d5f5cee9",
      "Title": "میوه خشک",
      "Id": "b9118543-e9c5-4d6e-9868-3fe91950fa93"
  },
  {
      "ParentId": "37afe50e-d967-4bd7-bb26-5129d5f5cee9",
      "Title": "کنجد و..",
      "Id": "f1019779-d358-427d-81c5-5b9c3c96f05f"
  },
  {
      "ParentId": "37afe50e-d967-4bd7-bb26-5129d5f5cee9",
      "Title": "تخمه وآجیل",
      "Id": "c8e65e49-dc5d-45f8-b157-81b8a43d0d16"
  },
  {
      "ParentId": "37afe50e-d967-4bd7-bb26-5129d5f5cee9",
      "Title": "کشمش",
      "Id": "7ad03956-bda4-4a6b-bee6-939c7b1c5a64"
  },
  {
      "ParentId": "cab33272-4078-47ce-a0cd-85426d53c194",
      "Title": "کیسه و سلفون",
      "Id": "059c8a54-f042-4ca5-a8c9-c0484ad99e80"
  },
  {
      "ParentId": "cab33272-4078-47ce-a0cd-85426d53c194",
      "Title": "دستکش و دستمال",
      "Id": "b4ca0512-8638-43f9-8f14-6bf4c847aea8"
  },
  {
      "ParentId": "cab33272-4078-47ce-a0cd-85426d53c194",
      "Title": "اسکاچ و سیم",
      "Id": "17681cc0-9a55-40d8-916a-965d176e0660"
  },
  {
      "ParentId": "cab33272-4078-47ce-a0cd-85426d53c194",
      "Title": "سفره و ظروف یکبار مصرف",
      "Id": "5d333f16-9353-4b46-8fcf-e7577bb4b5f2"
  },
  {
      "ParentId": "fc87afd5-0968-4634-a813-1d2628b7f70b",
      "Title": "حشره کش و واکس",
      "Id": "c303d640-3d5e-47a5-8032-e41c6113504e"
  },
  {
      "ParentId": "fc87afd5-0968-4634-a813-1d2628b7f70b",
      "Title": "کمک های اولیه",
      "Id": "d8f780df-5668-49cb-9f23-3fe3d5d93e84"
  },
  {
      "ParentId": "fc87afd5-0968-4634-a813-1d2628b7f70b",
      "Title": "سایر لوازم مصرفی",
      "Id": "f35a7f06-7939-43c1-924b-ae15fd03c35c"
  },
  {
      "ParentId": "fc87afd5-0968-4634-a813-1d2628b7f70b",
      "Title": "شمع و اسپند",
      "Id": "631beb77-5633-4941-a928-4eb8ebebb864"
  },
  {
      "ParentId": "fc87afd5-0968-4634-a813-1d2628b7f70b",
      "Title": "باطری",
      "Id": "4a2113f1-9560-48c8-b68a-1917d742e9dd"
  },
  {
      "ParentId": "f644bea5-eff3-4b60-a22c-133b585e219c",
      "Title": "لوازم التحریر",
      "Id": "d1f247c9-68e3-40b9-b22a-4975c7436b10"
  },
  {
      "ParentId": "f644bea5-eff3-4b60-a22c-133b585e219c",
      "Title": "شارژ موبایل",
      "Id": "d30e35b1-ff97-42bf-8d3d-628e9d386375"
  },
  {
      "ParentId": "f644bea5-eff3-4b60-a22c-133b585e219c",
      "Title": "فیلم و سی دی",
      "Id": "418fc863-e414-4a33-a591-2d70151cc07c"
  },
  {
      "ParentId": "84505d12-1d94-43fb-b340-09d30cea57f5",
      "Title": "فندک و کبریت",
      "Id": "310b29e3-95f3-40d7-bd18-3c5ddd6e3829"
  },
  {
      "ParentId": "84505d12-1d94-43fb-b340-09d30cea57f5",
      "Title": "سیگار",
      "Id": "de9ad986-0cad-4708-8a9e-2f9ec4fa648a"
  },
  {
      "ParentId": "84505d12-1d94-43fb-b340-09d30cea57f5",
      "Title": "زغال و آتش زنه",
      "Id": "9e449d5a-29bc-4eda-9757-75c1e4d46115"
  }
]